"group id"	"molecule id"	"coefficient"
"charged-tRNAs"	"Charged-VAL-tRNAs[c]"	0.411184
"charged-tRNAs"	"VAL-tRNAs[c]"	-0.411184
"charged-tRNAs"	"Charged-TYR-tRNAs[c]"	0.133993
"charged-tRNAs"	"TYR-tRNAs[c]"	-0.133993
"charged-tRNAs"	"Charged-TRP-tRNAs[c]"	0.055234
"charged-tRNAs"	"TRP-tRNAs[c]"	-0.055234
"charged-tRNAs"	"Charged-THR-tRNAs[c]"	0.246506
"charged-tRNAs"	"THR-tRNAs[c]"	-0.246506
"charged-tRNAs"	"Charged-SER-tRNAs[c]"	0.209684
"charged-tRNAs"	"SER-tRNAs[c]"	-0.209684
"charged-tRNAs"	"Charged-PRO-tRNAs[c]"	0.214798
"charged-tRNAs"	"PRO-tRNAs[c]"	-0.214798
"charged-tRNAs"	"Charged-PHE-tRNAs[c]"	0.180021
"charged-tRNAs"	"PHE-tRNAs[c]"	-0.180021
"charged-tRNAs"	"Charged-MET-tRNAs[c]"	0.149336
"charged-tRNAs"	"Elongation-tRNAMet[c]"	-0.149336
"charged-tRNAs"	"Charged-LYS-tRNAs[c]"	0.333448
"charged-tRNAs"	"LYS-tRNAs[c]"	-0.333448
"charged-tRNAs"	"Charged-LEU-tRNAs[c]"	0.437778
"charged-tRNAs"	"LEU-tRNAs[c]"	-0.437778
"charged-tRNAs"	"Charged-ILE-tRNAs[c]"	0.282306
"charged-tRNAs"	"ILE-tRNAs[c]"	-0.282306
"charged-tRNAs"	"Charged-HIS-tRNAs[c]"	0.092056
"charged-tRNAs"	"HIS-tRNAs[c]"	-0.092056
"charged-tRNAs"	"Charged-GLY-tRNAs[c]"	0.595297
"charged-tRNAs"	"GLY-tRNAs[c]"	-0.595297
"charged-tRNAs"	"Charged-GLT-tRNAs[c]"	0.255712
"charged-tRNAs"	"GLT-tRNAs[c]"	-0.255712
"charged-tRNAs"	"Charged-GLN-tRNAs[c]"	0.255712
"charged-tRNAs"	"GLN-tRNAs[c]"	-0.255712
"charged-tRNAs"	"Charged-CYS-tRNAs[c]"	0.088988
"charged-tRNAs"	"CYS-tRNAs[c]"	-0.088988
"charged-tRNAs"	"Charged-ASP-tRNAs[c]"	0.234232
"charged-tRNAs"	"ASP-tRNAs[c]"	-0.234232
"charged-tRNAs"	"Charged-ASN-tRNAs[c]"	0.234232
"charged-tRNAs"	"ASN-tRNAs[c]"	-0.234232
"charged-tRNAs"	"Charged-ARG-tRNAs[c]"	0.28742
"charged-tRNAs"	"ARG-tRNAs[c]"	-0.28742
"charged-tRNAs"	"Charged-ALA-tRNAs[c]"	0.499149
"charged-tRNAs"	"ALA-tRNAs[c]"	-0.499149
"charged-tRNAs"	"AMP[c]"	5.197084
"charged-tRNAs"	"PPI[c]"	5.197084
"charged-tRNAs"	"ATP[c]"	-5.197084
"charged-tRNAs"	"WATER[c]"	-5.197084
"charged-tRNAs"	"PROTON[c]"	-5.197084
"RNA"	"ATP[c]"	0.169975
"RNA"	"CTP[c]"	0.129799
"RNA"	"UTP[c]"	0.140101
"RNA"	"GTP[c]"	0.209121
"RNA"	"PPI[c]"	-0.648996
"DNA"	"TTP[c]"	0.024805
"DNA"	"DGTP[c]"	0.025612
"DNA"	"DCTP[c]"	0.025612
"DNA"	"DATP[c]"	0.024805
"DNA"	"PPI[c]"	-0.100834
"GAM"	"ATP[c]"	53.95
"GAM"	"WATER[c]"	53.95
"GAM"	"ADP[c]"	-53.95
"GAM"	"Pi[c]"	-53.95
"GAM"	"PROTON[c]"	-53.95
"lipids"	"CPD-8260[c]"	0.023092
"lipids"	"CPD-12819[c]"	0.096225
"lipids"	"CPD-12824[c]"	0.006414
""	"ADP-GLUCOSE[c]"	0.154187
""	"ADP[c]"	-0.154187
"LPS"	"CPD0-939[c]"	0.008151
"murein"	"CPD-12261[p]"	0.013452
"metal-ions"	"K+[c]"	0.18569
"metal-ions"	"FE+2[c]"	0.006388
"metal-ions"	"CA+2[c]"	0.004952
"metal-ions"	"CL-[c]"	0.004952
"metal-ions"	"CO+2[c]"	2.4e-05
"metal-ions"	"MG+2[c]"	0.008253
"metal-ions"	"MN+2[c]"	0.000658
"metal-ions"	"NI+2[c]"	0.000307
"metal-ions"	"ZN+2[c]"	0.000324
"cofactors"	"CPD-12115[c]"	0.000223
"cofactors"	"ACETYL-COA[c]"	0.000279
"cofactors"	"S-ADENOSYLMETHIONINE[c]"	0.000212
"cofactors"	"BIOTIN[c]"	4.5e-05
"cofactors"	"CHORISMATE[c]"	0.000223
"cofactors"	"CO-A[c]"	0.000576
"cofactors"	"ENTEROBACTIN[c]"	0.000223
"cofactors"	"FAD[c]"	0.000208
"cofactors"	"GLUTATHIONE[c]"	0.000223
"cofactors"	"CPD-17063[c]"	0.000223
"cofactors"	"MALONYL-COA[c]"	3.1e-05
"cofactors"	"METHYLENE-THF[c]"	0.000209
"cofactors"	"REDUCED-MENAQUINONE[c]"	0.000223
"cofactors"	"NAD[c]"	0.001831
"cofactors"	"NADP[c]"	0.000447
"cofactors"	"PROTOHEME[c]"	0.000223
"cofactors"	"PUTRESCINE[c]"	0.03327
"cofactors"	"RIBOFLAVIN[c]"	0.000205
"cofactors"	"SIROHEME[c]"	0.000223
"cofactors"	"SPERMIDINE[c]"	0.006744
"cofactors"	"SUC-COA[c]"	9.8e-05
"cofactors"	"THF[c]"	0.000207
"cofactors"	"THIAMINE-PYROPHOSPHATE[c]"	0.000203
"cofactors"	"UNDECAPRENYL-DIPHOSPHATE[c]"	5.5e-05
""	"PYRIDOXAL_PHOSPHATE[c]"	0.000202
""	"CPD-9956[c]"	0.000223
"tRNA-formylation"	"L-methionyl-tRNAfmet[c]"	-1e-05
"tRNA-formylation"	"N-formyl-L-methionyl-tRNAfmet[c]"	1e-05
"tRNA-formylation"	"FORMYL-L-METHIONYL-PEPTIDE[c]"	-1e-05
"tRNA-formylation"	"METHIONYL-PEPTIDE[c]"	1e-05
"lipoate"	"Octanoylated-domains[c]"	-1e-05
"lipoate"	"Lipoyl-Protein-N6-lipoyllysine[c]"	1e-05
"carboxybiotin-BCCP-dimers"	"BCCP-monomers[c]"	-2e-05
"carboxybiotin-BCCP-dimers"	"Carboxybiotin-BCCP[c]"	1e-05
"tRNA-Ile-modification"	"Cytidine-34-tRNAIle2[c]"	-1e-05
"tRNA-Ile-modification"	"Lysidine-tRNA-Ile2[c]"	1e-05
"tRNA-Arg-modification"	"tRNA-Arg-adenosine34[c]"	-1e-05
"tRNA-Arg-modification"	"tRNA-Arg-inosine34[c]"	1e-05
"tRNA-m1G37-modification"	"Guanine37-in-tRNA[c]"	-1e-05
"tRNA-m1G37-modification"	"tRNA-Containing-N1-Methylguanine-37[c]"	1e-05
"release-factor-modification"	"Release-factor-L-glutamine[c]"	-1e-05
"release-factor-modification"	"Release-factor-N5-Methyl-L-glutamine[c]"	1e-05
